<?xml version="1.0" encoding="utf-8"?>
<!DOCTYPE hibernate-mapping PUBLIC 
 "-//Hibernate/Hibernate Mapping DTD//EN"
 "http://www.hibernate.org/dtd/hibernate-mapping-3.0.dtd"> 

<hibernate-mapping>
	<!--Fill your code here-->  
	<class name="Employee" table="Employee">
	<id name="id" column="id">
	<generator class="identity"></generator>
	</id>
	<property name="firstName" column="firstName"></property>
	<property name="lastName" column="lastName"></property>
	<property name="salary" column="salary"></property>
	<set name="certificates" table="Certificate1">
	<key column="id"></key>
	<one-to-many class="Certificate"/>
	</set>
	</class>
	
	<class name="Certificate" table="Certificate1">
	<id name="id" column="id">
	<generator class="identity"/>
	</id>
	<property name="name" column="name"></property>
	</class>
	
</hibernate-mapping>
