<?xml version="1.0" encoding="UTF-8"?>
<!DOCTYPE hibernate-mapping PUBLIC "-//Hibernate/Hibernate Mapping DTD 3.0//EN" "http://www.hibernate.org/dtd/hibernate-mapping-3.0.dtd">
<hibernate-mapping>
<class name="Student" table="Student">

<id name="studentId" column="studentId">
<generator class="identity"></generator>
</id>
<property name="studentName" column="studentName"></property>
<set name="courses" table="StudentCourse" fetch="select" lazy="true">
<key column="studentId"></key>
<many-to-many class="Course">
<column name="courseId"/>
</many-to-many>
</set>
</class>
</hibernate-mapping>
