<?xml version="1.0" encoding="UTF-8"?>
<!DOCTYPE hibernate-mapping PUBLIC "-//Hibernate/Hibernate Mapping DTD 3.0//EN" "http://www.hibernate.org/dtd/hibernate-mapping-3.0.dtd">
<hibernate-mapping>
   <class name="Employee" table="employee">
     <id name="id" column="id">
        <generator class="native"/>
    </id>
   <property name="name" column="name" type="string"/>
     <property name="salary" column="salary" type="double"/>
    <many-to-one name="address" column="address_id" class="Address"/>
   </class>
   
   
   <class name="Address" table="address">
     <id name="id" column="id">
        <generator class="native"/>
    </id>
   <property name="addressLine1" column="addressLine1" type="string"/>
      <property name="city" column="city" type="string"/>
    <property name="zipcode" column="zipcode" type="string"/>
    </class>
    
</hibernate-mapping>