<?xml version="1.0" encoding="utf-8"?>
<!DOCTYPE hibernate-mapping PUBLIC 
 "-//Hibernate/Hibernate Mapping DTD//EN"
 "http://www.hibernate.org/dtd/hibernate-mapping-3.0.dtd"> 
<hibernate-mapping>
	<class name="Product" table="PRODUCT">

		<id name="id" column="PRODUCT_ID">
			<generator class="native"/>
		</id>
		<property name="name" column="PRODUCT_NAME" type="string"/>
		<property name="category" column="PRODUCT_CATEGORY" type="string"/>
		<property name="price" column="PRODUCT_PRICE" type="int"/>
		<property name="stock" column="PRODUCT_STOCK" type="int"/>
	</class>
	
</hibernate-mapping>