<?xml version="1.0" encoding="UTF-8"?>
<!DOCTYPE hibernate-mapping PUBLIC
        "-//Hibernate/Hibernate Mapping DTD 3.0//EN"
        "http://www.hibernate.org/dtd/hibernate-mapping-3.0.dtd">
<hibernate-mapping>
<class name="CustomerOrder" table="CustomerOrder">
<composite-id>
<key-property name="orderid"></key-property>
<key-property name="customerid"></key-property>
</composite-id>
<property name="order_name" column="order_name"></property>
<property name="customer_name" column="customer_name"></property>
</class>
</hibernate-mapping>