<?xml version="1.0" encoding="UTF-8"?>
<!DOCTYPE hibernate-configuration PUBLIC "-//Hibernate/Hibernate Configuration DTD 3.0//EN" "http://www.hibernate.org/dtd/hibernate-configuration-3.0.dtd">
<hibernate-configuration>
<session-factory>
<property name="connection.pool_size">100</property>  
    <property name="current_session_context_class">org.hibernate.context.internal.ThreadLocalSessionContext</property>
    <property name="hibernate.dialect">
            org.hibernate.dialect.MySQLDialect
        </property>
    	  <property name="hibernate.connection.driver_class">
            com.mysql.jdbc.Driver
        </property>
          <property name="hibernate.hbm2ddl.auto">update</property>
    <mapping resource="book.hbm.xml"/>
  </session-factory>
</hibernate-configuration>
